{
    "accuracy": 0.999,
    "precision": 0.9990357142857144,
    "recall": 0.999,
    "f1_score": 0.9989636363636364
}